name,kind,type,url
bbc,original,feed,https://feeds.bbci.co.uk/news/rss.xml
bbc-world,original,feed,https://feeds.bbci.co.uk/news/world/rss.xml
guardian,original,feed,https://www.theguardian.com/world/rss
guardian-uk,original,feed,https://www.theguardian.com/uk-news/rss
guardian-tech,original,feed,https://www.theguardian.com/technology/rss
npr,original,feed,https://feeds.npr.org/1001/rss.xml
conversation,original,feed,https://theconversation.com/global/articles.atom
aljazeera,original,feed,https://www.aljazeera.com/xml/rss/all.xml
verge,original,feed,https://www.theverge.com/rss/index.xml
wired,original,feed,https://www.wired.com/feed/rss
ars,original,feed,https://feeds.arstechnica.com/arstechnica/index
thehindu,original,feed,https://www.thehindu.com/news/national/feeder/default.rss
indianexpress,original,feed,https://indianexpress.com/feed/
ndtv,original,feed,https://feeds.feedburner.com/ndtvnews-top-stories
hindustantimes,original,feed,https://www.hindustantimes.com/feeds/rss/india-news/rssfeed.xml
toi,original,feed,https://timesofindia.indiatimes.com/rssfeedstopstories.cms
dw,original,feed,https://rss.dw.com/rdf/rss-en-all
france24,original,feed,https://www.france24.com/en/rss
cbs,original,feed,https://www.cbsnews.com/latest/rss/main
abcau,original,feed,https://www.abc.net.au/news/feed/51120/rss.xml
techcrunch,original,feed,https://techcrunch.com/feed/
engadget,original,feed,https://www.engadget.com/rss.xml
gizmodo,original,feed,https://gizmodo.com/rss
boredpanda,original,feed,https://www.boredpanda.com/feed/
economictimes,original,feed,https://economictimes.indiatimes.com/rssfeedstopstories.cms
scroll,original,feed,https://feeds.feedburner.com/ScrollinArticles.rss
independent,original,feed,https://www.independent.co.uk/news/world/rss
abcnews,original,feed,https://abcnews.go.com/abcnews/topstories
theprint,original,feed,https://theprint.in/category/india/feed/
socialnews,suspect,feed,https://socialnews.xyz/feed/
opindia,original,feed,https://www.opindia.com/feed/
newsx,suspect,feed,https://www.newsx.com/feed/
middleeastmonitor,original,feed,https://www.middleeastmonitor.com/feed/
latestly,suspect,page,https://www.latestly.com/
devdiscourse,suspect,page,https://www.devdiscourse.com/
globalvillagespace,suspect,page,https://www.globalvillagespace.com/
