variant,macro_f1,exact,light,synonym,seo,summary,translation,fpr_hard_negative,fpr_facts_only
full,0.8962,0.9596,0.9596,0.9596,0.7816,0.9016,0.8155,0.0066,0.1556
minus rare_cos,0.8816,0.9453,0.9453,0.9453,0.8085,0.8744,0.7706,0.0100,0.2111
minus shingle_containment,0.8922,0.9572,0.9572,0.9572,0.7771,0.8969,0.8077,0.0066,0.1667
minus align_coverage,0.8843,0.9476,0.9476,0.9476,0.8065,0.8788,0.7778,0.0066,0.2111
minus align_mean,0.8962,0.9596,0.9596,0.9596,0.7816,0.9016,0.8155,0.0100,0.1444
minus align_order,0.8854,0.9524,0.9524,0.9524,0.7753,0.8878,0.7925,0.0100,0.1778
minus back_coverage,0.8866,0.9524,0.9524,0.9524,0.7821,0.8878,0.7925,0.0066,0.1889
minus ordered_coverage,0.8854,0.9524,0.9524,0.9524,0.7753,0.8878,0.7925,0.0100,0.1778
minus aligned_word_overlap,0.9003,0.9620,0.9620,0.9620,0.7861,0.9062,0.8235,0.0066,0.1444
minus quote_overlap,0.8962,0.9596,0.9596,0.9596,0.7816,0.9016,0.8155,0.0066,0.1556
minus fact_overlap,0.8841,0.9453,0.9453,0.9453,0.7957,0.8800,0.7928,0.0066,0.2222
no embedding signals (IR signals only),0.8019,0.9005,0.9005,0.9005,0.7246,0.7664,0.6190,0.0066,0.4444
dense candidates instead of IR,0.8939,0.9596,0.9596,0.9596,0.7674,0.9016,0.8155,0.0066,0.1556
"IR retrieval only, no verification",0.5952,0.7252,0.7252,0.7029,0.5143,0.5329,0.3707,0.2425,0.7667
