method,level,n_pos,n_neg,threshold,precision,recall,f1,source_correct
spintrace,exact,190,515,0.8105,0.9268,1.0000,0.9620,0.9947
spintrace,light,190,515,0.8105,0.9268,1.0000,0.9620,0.9947
spintrace,synonym,190,515,0.8105,0.9268,1.0000,0.9620,1.0000
spintrace,seo,90,515,0.8105,0.8214,0.7667,0.7931,0.7667
spintrace,summary,90,515,0.8105,0.8529,0.9667,0.9062,0.9667
spintrace,fpr_original,0,190,0.8105,,,0.0000,
spintrace,fpr_hard_negative,0,235,0.8105,,,0.0043,
spintrace,fpr_facts_only,0,90,0.8105,,,0.1556,
exact_hash,exact,190,515,1.0000,0.9896,1.0000,0.9948,1.0000
exact_hash,light,190,515,1.0000,0.0000,0.0000,0.0000,0.0000
exact_hash,synonym,190,515,1.0000,0.0000,0.0000,0.0000,0.0000
exact_hash,seo,90,515,1.0000,0.0000,0.0000,0.0000,0.0000
exact_hash,summary,90,515,1.0000,0.0000,0.0000,0.0000,0.0000
exact_hash,fpr_original,0,190,1.0000,,,0.0000,
exact_hash,fpr_hard_negative,0,235,1.0000,,,0.0000,
exact_hash,fpr_facts_only,0,90,1.0000,,,0.0222,
minhash_jaccard,exact,190,515,0.1641,0.9845,1.0000,0.9922,1.0000
minhash_jaccard,light,190,515,0.1641,0.9844,0.9947,0.9895,0.9947
minhash_jaccard,synonym,190,515,0.1641,0.9250,0.1947,0.3217,0.1947
minhash_jaccard,seo,90,515,0.1641,0.2500,0.0111,0.0213,0.0111
minhash_jaccard,summary,90,515,0.1641,0.0000,0.0000,0.0000,0.0000
minhash_jaccard,fpr_original,0,190,0.1641,,,0.0000,
minhash_jaccard,fpr_hard_negative,0,235,0.1641,,,0.0000,
minhash_jaccard,fpr_facts_only,0,90,0.1641,,,0.0333,
shingle_containment,exact,190,515,0.0627,0.7540,1.0000,0.8597,1.0000
shingle_containment,light,190,515,0.0627,0.7540,1.0000,0.8597,1.0000
shingle_containment,synonym,190,515,0.0627,0.7540,1.0000,0.8597,1.0000
shingle_containment,seo,90,515,0.0627,0.5040,0.7000,0.5860,0.6889
shingle_containment,summary,90,515,0.0627,0.5664,0.9000,0.6953,0.8778
shingle_containment,fpr_original,0,190,0.0627,,,0.0053,
shingle_containment,fpr_hard_negative,0,235,0.0627,,,0.0936,
shingle_containment,fpr_facts_only,0,90,0.0627,,,0.4333,
tfidf_cosine,exact,190,515,0.4053,0.8520,1.0000,0.9201,1.0000
tfidf_cosine,light,190,515,0.4053,0.8520,1.0000,0.9201,1.0000
tfidf_cosine,synonym,190,515,0.4053,0.8514,0.9947,0.9175,0.9947
tfidf_cosine,seo,90,515,0.4053,0.6972,0.8444,0.7638,0.8444
tfidf_cosine,summary,90,515,0.4053,0.6700,0.7444,0.7053,0.7444
tfidf_cosine,fpr_original,0,190,0.4053,,,0.0000,
tfidf_cosine,fpr_hard_negative,0,235,0.4053,,,0.0766,
tfidf_cosine,fpr_facts_only,0,90,0.4053,,,0.1667,
bm25,exact,190,515,0.5323,0.8676,1.0000,0.9291,1.0000
bm25,light,190,515,0.5323,0.8676,1.0000,0.9291,1.0000
bm25,synonym,190,515,0.5323,0.8664,0.9895,0.9238,0.9895
bm25,seo,90,515,0.5323,0.6628,0.6333,0.6477,0.6333
bm25,summary,90,515,0.5323,0.7542,0.9889,0.8558,0.9889
bm25,fpr_original,0,190,0.5323,,,0.0000,
bm25,fpr_hard_negative,0,235,0.5323,,,0.0511,
bm25,fpr_facts_only,0,90,0.5323,,,0.1889,
dense_cosine,exact,190,515,0.8514,0.5621,1.0000,0.7197,1.0000
dense_cosine,light,190,515,0.8514,0.5621,1.0000,0.7197,1.0000
dense_cosine,synonym,190,515,0.8514,0.5621,1.0000,0.7197,1.0000
dense_cosine,seo,90,515,0.8514,0.3422,0.8556,0.4889,0.7111
dense_cosine,summary,90,515,0.8514,0.2709,0.6111,0.3754,0.5667
dense_cosine,fpr_original,0,190,0.8514,,,0.0316,
dense_cosine,fpr_hard_negative,0,235,0.8514,,,0.4851,
dense_cosine,fpr_facts_only,0,90,0.8514,,,0.3111,
