site,articles,flagged_derived,derived_share,top_sources
devdiscourse.com,692,20,0.0289,indiatimes.com (11); independent.co.uk (4); socialnews.xyz (2)
theprint.in,400,11,0.0275,indiatimes.com (4); hindustantimes.com (3); devdiscourse.com (1)
independent.co.uk,608,15,0.0247,abcnews.com (9); hindustantimes.com (2); france24.com (1)
thehindu.com,449,11,0.0245,socialnews.xyz (3); theprint.in (3); abcnews.com (2)
indiatimes.com,2324,55,0.0237,devdiscourse.com (17); hindustantimes.com (13); indianexpress.com (10)
latestly.com,632,11,0.0174,dw.com (5); socialnews.xyz (3); abc.net.au (1)
newsx.com,316,5,0.0158,devdiscourse.com (4); theprint.in (1)
scroll.in,585,9,0.0154,theconversation.com (9)
indianexpress.com,548,8,0.0146,hindustantimes.com (2); indiatimes.com (2); devdiscourse.com (1)
cbsnews.com,339,4,0.0118,france24.com (3); abcnews.com (1)
abc.net.au,382,4,0.0105,france24.com (2); devdiscourse.com (1); theconversation.com (1)
aljazeera.com,481,5,0.0104,devdiscourse.com (4); middleeastmonitor.com (1)
hindustantimes.com,546,5,0.0092,theprint.in (2); indianexpress.com (1); devdiscourse.com (1)
abcnews.com,350,2,0.0057,cbsnews.com (1); indiatimes.com (1)
socialnews.xyz,372,2,0.0054,hindustantimes.com (1); devdiscourse.com (1)
theguardian.com,813,3,0.0037,abcnews.com (2); theconversation.com (1)
middleeastmonitor.com,306,1,0.0033,latestly.com (1)
techcrunch.com,349,1,0.0029,gizmodo.com (1)
france24.com,362,1,0.0028,abcnews.com (1)
engadget.com,367,1,0.0027,theguardian.com (1)
theconversation.com,927,0,0.0,
dw.com,628,0,0.0,
theverge.com,593,0,0.0,
gizmodo.com,570,0,0.0,
bbc.co.uk,460,0,0.0,
wired.com,391,0,0.0,
globalvillagespace.com,346,0,0.0,
opindia.com,326,0,0.0,
boredpanda.com,200,0,0.0,
bwf.org.au,1,0,0.0,
