query,level,n,recall@1,recall@20,postings_touched
rare3,exact,190,0.9789,1.0000,17.4211
rare3,light,190,0.9842,1.0000,19.2895
rare3,synonym,190,0.4000,0.5474,10.3211
rare3,seo,90,0.7889,0.9667,22.6889
rare3,summary,90,0.8333,0.9889,62.1333
rare3,all,750,0.7933,0.8800,22.0933
rare5,exact,190,0.9947,1.0000,37.4211
rare5,light,190,0.9895,1.0000,42.1368
rare5,synonym,190,0.6526,0.8263,21.5947
rare5,seo,90,0.8556,0.9778,49.8889
rare5,summary,90,0.8889,1.0000,173.4333
rare5,all,750,0.8773,0.9533,52.4240
rare10,exact,190,1.0000,1.0000,132.7579
rare10,light,190,1.0000,1.0000,159.5053
rare10,synonym,190,0.9263,0.9947,68.6632
rare10,seo,90,0.9667,1.0000,174.9778
rare10,summary,90,0.9222,1.0000,722.0778
rare10,all,750,0.9680,0.9987,199.0813
rare30,exact,190,1.0000,1.0000,1821.2053
rare30,light,190,1.0000,1.0000,2279.8158
rare30,synonym,190,1.0000,1.0000,930.2053
rare30,seo,90,0.9778,1.0000,1891.9333
rare30,summary,90,0.9667,1.0000,9002.3222
rare30,all,750,0.9933,1.0000,2581.8880
common10,exact,190,0.7632,0.9684,37263.3474
common10,light,190,0.8158,0.9895,32352.1947
common10,synonym,190,0.6000,0.8947,35509.3947
common10,seo,90,0.3222,0.7333,32767.6667
common10,summary,90,0.7222,0.9889,24294.8556
common10,all,750,0.6773,0.9293,33479.1533
random10,exact,190,1.0000,1.0000,8502.0684
random10,light,190,1.0000,1.0000,8449.7737
random10,synonym,190,0.9789,1.0000,7649.0105
random10,seo,90,0.7889,0.9889,8382.5889
random10,summary,90,0.9333,1.0000,8793.3333
random10,all,750,0.9613,0.9987,8293.3267
