method,level,n,mrr,recall@1,recall@5,recall@20
spintrace,exact,190,1.0000,1.0000,1.0000,1.0000
spintrace,light,190,1.0000,1.0000,1.0000,1.0000
spintrace,synonym,190,1.0000,1.0000,1.0000,1.0000
spintrace,seo,90,0.9944,0.9889,1.0000,1.0000
spintrace,summary,90,0.9900,0.9889,0.9889,1.0000
spintrace,all,750,0.9981,0.9973,0.9987,1.0000
exact_hash,exact,190,1.0000,1.0000,1.0000,1.0000
exact_hash,light,190,0.0000,0.0000,0.0000,0.0000
exact_hash,synonym,190,0.0000,0.0000,0.0000,0.0000
exact_hash,seo,90,0.0000,0.0000,0.0000,0.0000
exact_hash,summary,90,0.0000,0.0000,0.0000,0.0000
exact_hash,all,750,0.2533,0.2533,0.2533,0.2533
minhash_jaccard,exact,190,1.0000,1.0000,1.0000,1.0000
minhash_jaccard,light,190,0.9947,0.9947,0.9947,0.9947
minhash_jaccard,synonym,190,0.2000,0.2000,0.2000,0.2000
minhash_jaccard,seo,90,0.0111,0.0111,0.0111,0.0111
minhash_jaccard,summary,90,0.0000,0.0000,0.0000,0.0000
minhash_jaccard,all,750,0.5573,0.5573,0.5573,0.5573
shingle_containment,exact,190,1.0000,1.0000,1.0000,1.0000
shingle_containment,light,190,1.0000,1.0000,1.0000,1.0000
shingle_containment,synonym,190,1.0000,1.0000,1.0000,1.0000
shingle_containment,seo,90,0.9671,0.9556,0.9778,1.0000
shingle_containment,summary,90,0.9639,0.9444,0.9889,0.9889
shingle_containment,all,750,0.9917,0.9880,0.9960,0.9987
tfidf_cosine,exact,190,1.0000,1.0000,1.0000,1.0000
tfidf_cosine,light,190,1.0000,1.0000,1.0000,1.0000
tfidf_cosine,synonym,190,1.0000,1.0000,1.0000,1.0000
tfidf_cosine,seo,90,0.9889,0.9778,1.0000,1.0000
tfidf_cosine,summary,90,0.9843,0.9778,0.9889,1.0000
tfidf_cosine,all,750,0.9968,0.9947,0.9987,1.0000
bm25,exact,190,1.0000,1.0000,1.0000,1.0000
bm25,light,190,1.0000,1.0000,1.0000,1.0000
bm25,synonym,190,1.0000,1.0000,1.0000,1.0000
bm25,seo,90,0.9944,0.9889,1.0000,1.0000
bm25,summary,90,0.9889,0.9889,0.9889,0.9889
bm25,all,750,0.9980,0.9973,0.9987,0.9987
dense_cosine,exact,190,1.0000,1.0000,1.0000,1.0000
dense_cosine,light,190,1.0000,1.0000,1.0000,1.0000
dense_cosine,synonym,190,1.0000,1.0000,1.0000,1.0000
dense_cosine,seo,90,0.9148,0.8333,1.0000,1.0000
dense_cosine,summary,90,0.9111,0.8333,1.0000,1.0000
dense_cosine,all,750,0.9791,0.9600,1.0000,1.0000
