variant,level,n,recall@1,recall@5,recall@20
rare terms + quote phrases,exact,190,1.0000,1.0000,1.0000
rare terms + quote phrases,light,190,1.0000,1.0000,1.0000
rare terms + quote phrases,synonym,190,1.0000,1.0000,1.0000
rare terms + quote phrases,seo,90,0.9889,1.0000,1.0000
rare terms + quote phrases,summary,90,0.9667,0.9889,1.0000
rare terms + quote phrases,translation,45,0.9556,1.0000,1.0000
rare terms + quote phrases,all,795,0.9925,0.9987,1.0000
rare terms only (no quotes),exact,190,1.0000,1.0000,1.0000
rare terms only (no quotes),light,190,1.0000,1.0000,1.0000
rare terms only (no quotes),synonym,190,1.0000,1.0000,1.0000
rare terms only (no quotes),seo,90,0.9889,1.0000,1.0000
rare terms only (no quotes),summary,90,0.9667,0.9889,1.0000
rare terms only (no quotes),translation,45,0.9778,1.0000,1.0000
rare terms only (no quotes),all,795,0.9937,0.9987,1.0000
no fact boost,exact,190,1.0000,1.0000,1.0000
no fact boost,light,190,1.0000,1.0000,1.0000
no fact boost,synonym,190,1.0000,1.0000,1.0000
no fact boost,seo,90,0.9778,1.0000,1.0000
no fact boost,summary,90,0.9667,0.9889,1.0000
no fact boost,translation,45,0.9556,0.9778,0.9778
no fact boost,all,795,0.9912,0.9975,0.9987
no date filter (dates untrusted),exact,190,1.0000,1.0000,1.0000
no date filter (dates untrusted),light,190,1.0000,1.0000,1.0000
no date filter (dates untrusted),synonym,190,1.0000,1.0000,1.0000
no date filter (dates untrusted),seo,90,0.9778,1.0000,1.0000
no date filter (dates untrusted),summary,90,0.9444,0.9889,1.0000
no date filter (dates untrusted),translation,45,0.9556,1.0000,1.0000
no date filter (dates untrusted),all,795,0.9887,0.9987,1.0000
"rare terms, Porter stemming",exact,190,1.0000,1.0000,1.0000
"rare terms, Porter stemming",light,190,1.0000,1.0000,1.0000
"rare terms, Porter stemming",synonym,190,1.0000,1.0000,1.0000
"rare terms, Porter stemming",seo,90,0.9889,1.0000,1.0000
"rare terms, Porter stemming",summary,90,0.9778,0.9889,1.0000
"rare terms, Porter stemming",translation,45,1.0000,1.0000,1.0000
"rare terms, Porter stemming",all,795,0.9962,0.9987,1.0000
dense retrieval,exact,190,1.0000,1.0000,1.0000
dense retrieval,light,190,1.0000,1.0000,1.0000
dense retrieval,synonym,190,1.0000,1.0000,1.0000
dense retrieval,seo,90,0.8333,1.0000,1.0000
dense retrieval,summary,90,0.8333,1.0000,1.0000
dense retrieval,translation,45,0.9778,0.9778,1.0000
dense retrieval,all,795,0.9610,0.9987,1.0000
full-document tf-idf,exact,190,1.0000,1.0000,1.0000
full-document tf-idf,light,190,1.0000,1.0000,1.0000
full-document tf-idf,synonym,190,1.0000,1.0000,1.0000
full-document tf-idf,seo,90,0.9778,1.0000,1.0000
full-document tf-idf,summary,90,0.9778,0.9889,1.0000
full-document tf-idf,translation,45,0.9556,1.0000,1.0000
full-document tf-idf,all,795,0.9925,0.9987,1.0000
